{
  "__comment": "Instructions: https://mods.blakebr0.com/docs/cucumber/tags-config",
  "forge:ingots/aluminum": "chemlib:ingot_aluminum",
  "forge:ingots/constantan": "immersiveengineering:ingot_constantan",
  "forge:ingots/tungsten": "chemlib:ingot_tungsten",
  "forge:ingots/mithril": "null",
  "forge:ingots/tin": "chemlib:ingot_tin",
  "forge:ingots/iridium": "chemlib:ingot_iridium",
  "forge:ingots/zinc": "create:zinc_ingot",
  "forge:gems/sapphire": "ancientgems:sapphire",
  "forge:ingots/bronze": "mekanism:ingot_bronze",
  "forge:ingots/copper": "create:copper_ingot",
  "forge:ingots/invar": "thermal:invar_ingot",
  "forge:gems/ruby": "ancientgems:ruby",
  "forge:dusts/niter": "thermal:niter_dust",
  "forge:ingots/chrome": "null",
  "forge:ingots/electrum": "immersiveengineering:ingot_electrum",
  "forge:silicon": "null",
  "forge:gems/apatite": "thermal:apatite",
  "forge:ingots/brass": "create:brass_ingot",
  "forge:ingots/silver": "chemlib:ingot_silver",
  "forge:dusts/saltpeter": "immersiveengineering:dust_saltpeter",
  "forge:ingots/steel": "mekanism:ingot_steel",
  "forge:ingots/titanium": "chemlib:ingot_titanium",
  "forge:rubber": "null",
  "forge:ingots/platinum": "chemlib:ingot_platinum",
  "forge:dusts/sulfur": "mekanism:dust_sulfur",
  "forge:ingots/lead": "chemlib:ingot_lead",
  "forge:ingots/graphite": "null",
  "forge:ingots/uranium": "chemlib:ingot_uranium",
  "forge:ingots/nickel": "chemlib:ingot_nickel",
  "forge:ingots/lumium": "thermal:lumium_ingot",
  "forge:ingots/signalum": "thermal:signalum_ingot",
  "forge:ingots/enderium": "thermal:enderium_ingot"
}